{
  "images" : [
    {
      "idiom" : "universal",
      "filename" : "Titan has recently added license for Timberland and Police.jpg",
      "scale" : "1x"
    },
    {
      "idiom" : "universal",
      "filename" : "Titan has recently added license for Timberland and Police-1.jpg",
      "scale" : "2x"
    },
    {
      "idiom" : "universal",
      "filename" : "Titan has recently added license for Timberland and Police-2.jpg",
      "scale" : "3x"
    }
  ],
  "info" : {
    "version" : 1,
    "author" : "xcode"
  }
}