{
  "images" : [
    {
      "idiom" : "universal",
      "filename" : "e52e202774c81a2da566d4d0a93665cd_amazon-icon-amazon-logo-clipart_512-512.png",
      "scale" : "1x"
    },
    {
      "idiom" : "universal",
      "filename" : "e52e202774c81a2da566d4d0a93665cd_amazon-icon-amazon-logo-clipart_512-513.png",
      "scale" : "2x"
    },
    {
      "idiom" : "universal",
      "filename" : "e52e202774c81a2da566d4d0a93665cd_amazon-icon-amazon-logo-clipart_512-514.png",
      "scale" : "3x"
    }
  ],
  "info" : {
    "version" : 1,
    "author" : "xcode"
  }
}